"","shape_id","Positive","Negative"
"1",114177,220.55,-220.63
"2",114178,59.89,-51.88
"3",114179,212.73,-222.55
"4",114180,61.16,-61.16
"5",114182,142.68,-97.66
"6",114183,113.8,-156.93
"7",114184,150.64,-122.97
"8",114185,192.17,-192.17
"9",114186,164.26,-191.93
"10",114187,149.45,-149.45
"11",114188,97.79,-97.79
"12",114189,139.56,-139.56
"13",114191,110.86,-60.87
"14",114193,52.15,-103.17
"15",114195,168.91,-95.07
"16",114196,188.71,-188.71
"17",114197,131.75,-206.45
"18",114198,186.47,-186.47
"19",114199,137.43,-93.21
"20",114200,83.52,-127.75
"21",114201,19.41,-33.61
"22",114202,57.96,-42.89
"23",114203,22.73,-48.46
"24",114204,75.59,-82.66
"25",114205,133.74,-133.74
"26",114206,62.14,-62.14
"27",114207,54.89,-22.94
"28",114208,41.61,-41.61
"29",114209,27.05,-66.07
"30",114210,194.69,-164.4
"31",114211,237.09,-246.55
"32",114212,201.31,-201.31
"33",114213,188.63,-169.59
"34",114214,106.39,-106.39
"35",114215,63.24,-63.24
"36",114216,184.84,-156.14
"37",114217,132.28,-132.28
"38",114218,125.38,-110.12
"39",114219,147.15,-147.15
"40",114220,52.11,-34.65
"41",114221,16.9,-34.16
"42",114222,20.34,-18.6
"43",114223,12.67,-14.41
"44",114224,285.24,-329.4
"45",114225,172.54,-207.88
"46",116478,281.56,-245.27
"47",116486,53.96,-54.91
"48",116487,40.68,-40.68
"49",116488,56.86,-57.72
"50",121259,87.37,-87.27
"51",121260,52.42,-86.8
"52",121261,268.26,-188.96
"53",121262,282.56,-282.56
"54",121263,279.6,-279.6
"55",121264,197.18,-276.48
"56",121265,286.24,-286.24
"57",121266,278.2,-201.7
"58",121267,343.7,-343.7
"59",121269,101.67,-177.75
"60",121272,239.76,-246.78
"61",121273,131.35,-96.54
"62",121274,305.63,-305.63
"63",121277,158.52,-152.45
"64",121278,124.55,-158.83
"65",121279,115.82,-108.89
"66",121280,86.96,-86.72
"67",121281,300.84,-313.01
"68",121282,309.93,-270.33
"69",121283,149.17,-178.67
"70",121284,168.04,-168.04
"71",121285,154.7,-148.43
"72",121286,166.1,-166.1
"73",121287,45.8,-47.14
"74",121288,30.32,-35.94
"75",121289,8.9,-9.15
"76",121290,254.45,-225.23
"77",121291,237.32,-237.32
"78",121292,214.71,-214.71
"79",121293,263.8,-300.36
"80",121294,281.94,-281.94
"81",121295,267.54,-266.17
"82",121296,256.67,-258.04
"83",121297,275.05,-275.05
"84",121298,129.87,-92.09
"85",121299,58.12,-71.66
"86",121300,42.6,-58.56
"87",121301,53.42,-63.62
"88",121302,52.45,-47.02
"89",121303,47.17,-42.4
"90",121304,86.25,-77.08
"91",121305,36.83,-51.1
"92",121306,121,-121
"93",121307,53.19,-53.19
"94",121308,63.5,-63.5
"95",121309,41.81,-41.81
"96",121310,46.41,-46.41
"97",121311,46.38,-46.38
"98",121316,62.49,-67.14
"99",121317,96.4,-81.79
"100",121318,65.02,-79.58
"101",121319,71.62,-71.67
"102",121320,86.11,-51.26
"103",121321,111.2,-111.41
"104",121322,67.3,-101.89
"105",121323,73.9,-73.95
"106",121324,105.02,-90.41
"107",121325,71.11,-85.72
"108",121332,71.9,-69.06
"109",121333,71.9,-71.9
"110",121334,99.26,-99.26
"111",121335,83.75,-83.75
"112",121336,94.11,-94.11
"113",121337,102.86,-102.86
"114",121338,95.8,-95.8
"115",121339,66.56,-66.56
"116",121340,113.91,-113.91
"117",121341,112.35,-112.35
"118",121342,25.04,-25.04
"119",121343,75.18,-75.18
"120",121344,104.42,-104.42
"121",121346,114.25,-77.84
"122",121347,125.17,-125.17
"123",121348,112.44,-112.44
"124",121349,86.38,-103.44
"125",121350,64.84,-75.48
"126",121351,67.67,-69.49
"127",121352,101.66,-106.74
"128",121353,119.47,-119.47
"129",121354,106.74,-106.74
"130",121355,64.08,-64.08
"131",121356,66.91,-66.91
"132",121357,22.32,-36.93
"133",121358,40.34,-37.48
"134",121359,28.4,-31.26
"135",121360,31.86,-31.86
"136",121361,31.41,-18.61
"137",121362,36.94,-37.86
"138",121363,31.87,-31.87
"139",121364,44.89,-42.16
"140",121365,37.04,-38.17
"141",121366,39.91,-38.78
"142",121367,31.98,-33.11
"143",121368,32.94,-36.36
"144",121369,40.78,-31.55
"145",121370,39.44,-38.04
"146",121371,24.16,-23.49
"147",121372,119.09,-96.3
"148",121373,32.57,-66.66
"149",121374,35.41,-32.67
"150",121375,46.8,-46.8
"151",121376,26.35,-26.35
"152",121377,59.73,-59.73
"153",121378,32.28,-32.28
"154",121379,168.71,-130.73
"155",121380,128.5,-165.8
"156",121381,27.82,-26.4
"157",121382,17.53,-20.2
"158",121383,30.7,-28.32
"159",121384,19.91,-19.91
"160",121385,22.75,-17.74
"161",121386,17.12,-24.86
"162",121387,24.96,-23.36
"163",121388,23.26,-21.28
"164",121390,198.55,-202.25
"165",121391,218.42,-218.45
"166",121392,205.04,-178.17
"167",121394,186.53,-210.52
"168",121397,45.68,-34.89
"169",121398,27.76,-40.36
"170",121399,54.87,-61.57
"171",121401,137.2,-86.01
"172",121402,153.02,-159.91
"173",121403,99.31,-95.32
"174",121404,230.79,-232.87
"175",121405,15.69,-50.91
"176",121406,49.77,-27.17
"177",121407,15.92,-40.71
"178",121408,131.22,-115.51
"179",121409,124.37,-124.37
"180",121410,73.11,-89.11
"181",121411,136.65,-136.65
"182",121412,169.75,-169.75
"183",121413,139.54,-139.54
"184",121414,120.04,-120.04
"185",121415,38.78,-38.78
"186",121416,14.63,-14.63
"187",121418,129.23,-129.23
"188",121419,14.63,-14.63
"189",121420,120.61,-120.61
"190",121421,182.55,-147.64
"191",121422,184.45,-184.48
"192",121423,130.93,-130.93
"193",121424,203.78,-228.7
"194",121425,115.88,-88.55
"195",121426,150.26,-177.29
"196",121427,130.93,-106.31
"197",121428,203.78,-228.7
"198",121429,61.83,-51.09
"199",121430,52.49,-55.95
"200",121431,75.46,-73.63
"201",121432,54.34,-61.76
"202",121433,54.34,-54.34
"203",121434,54.34,-54.34
"204",121435,75.46,-68.04
"205",121436,93.61,-88.41
"206",121437,91.66,-81.05
"207",121438,194.41,-231.1
"208",121439,199.29,-197.48
"209",121440,127.16,-128.97
"210",121441,159.55,-159.55
"211",121442,206.59,-206.59
"212",121443,229.87,-228.06
"213",121444,127.16,-128.97
"214",121445,56,-56
"215",121446,59.77,-59.77
"216",121447,52.33,-52.33
"217",121448,53.83,-53.83
"218",121449,76.37,-76.37
"219",121450,56,-56
"220",121451,56,-56
"221",121452,76.37,-76.37
"222",121453,94.92,-94.92
"223",121454,89.91,-89.91
"224",121455,57.32,-64.02
"225",121456,23.77,-20.26
"226",121457,75.72,-70.72
"227",121458,17.44,-17.44
"228",121459,129.42,-32.86
"229",121460,15.92,-34.93
"230",121461,232.52,-321.23
"231",121462,181.76,-185.12
"232",121463,300.78,-297.43
"233",121464,235.52,-238.87
"234",121465,202.1,-187.58
"235",121466,239.61,-239.61
"236",121467,280.22,-280.22
"237",121468,237.37,-237.37
"238",121469,85.87,-66.8
"239",121470,103,-100.44
"240",121471,108.49,-108.49
"241",121472,94.38,-105.35
"242",121473,99.87,-99.87
"243",121474,74.06,-86.53
"244",121475,129.58,-129.58
"245",121476,94.88,-94.88
"246",121477,100.37,-100.37
"247",121478,90.09,-61.09
"248",121479,90.09,-90.94
"249",121480,24.5,-53.16
"250",121481,99.09,-96.77
"251",121482,88.74,-90.55
"252",121483,15.82,-15.82
"253",121484,90.65,-90.56
"254",121485,24.81,-32.83
"255",121486,28.45,-18.71
"256",121487,28.55,-29.68
"257",121488,191.37,-73.41
"258",121489,367.83,-420.82
"259",121490,89.85,-119.46
"260",121491,199.35,-153.95
"261",121492,299.19,-329.95
"262",121493,126.35,-140.62
"263",121494,89.01,-99.29
"264",121495,95.66,-97.01
"265",121496,95.97,-92.6
"266",121497,68.49,-73.38
"267",121498,69.3,-69.96
"268",121499,70.66,-90.6
"269",121500,362.87,-362.87
"270",121501,197.04,-197.04
"271",121502,296.52,-296.52
"272",121503,86.79,-86.79
"273",121504,118.43,-118.43
"274",121505,118.43,-118.43
"275",121506,93.9,-93.9
"276",121507,37.33,-37.33
"277",121508,69.14,-69.14
"278",121509,66.24,-66.24
"279",121510,91.31,-61.89
"280",121511,93.04,-93.78
"281",121512,56.45,-59.6
"282",121513,77.77,-109.15
"283",121514,103.19,-100.92
"284",121515,99.19,-99.19
"285",121516,63.06,-60.33
"286",121517,81.07,-83.8
"287",121518,68.21,-68.21
"288",121519,87.49,-86.11
"289",121522,77.45,-76.74
"290",121523,83.34,-83.83
"291",121524,94.75,-96.35
"292",121526,62.62,-62.62
"293",121527,85.33,-85.33
"294",121530,194,-166.83
"295",121532,162.93,-162.42
"296",121533,213.06,-213.06
"297",121534,169.24,-194.19
"298",121536,193.73,-194.86
"299",121537,236.54,-235.41
"300",121538,184.18,-184.18
"301",121539,87.74,-60.55
"302",121540,119.06,-112.23
"303",121541,105.32,-115.07
"304",121542,60.92,-84.34
"305",121543,117.28,-117.28
"306",121544,103.14,-103.14
"307",121545,103.14,-103.14
"308",121546,127.88,-108.22
"309",121547,108.09,-108.09
"310",121548,89.79,-98.65
"311",121549,85.7,-86.69
"312",121550,94.62,-104.43
"313",121551,46.14,-46.14
"314",121552,46.14,-46.14
"315",121553,38.37,-38.37
"316",121554,84.05,-84.05
"317",121555,88.05,-77.53
"318",121556,87.64,-87.64
"319",121557,76.22,-86.74
"320",121558,86.89,-86.89
"321",121559,208.12,-151.87
"322",121560,208.22,-208.22
"323",121561,161.92,-222.38
"324",121562,224.46,-221
"325",121563,396.95,-254.8
"326",121564,396.95,-396.95
"327",121565,159.16,-243.62
"328",121566,162.96,-162.96
"329",121567,301.83,-217.37
"330",121568,280.19,-280.19
"331",121569,174.75,-277.71
"332",121570,159.49,-140.66
"333",121571,342.33,-403.63
"334",121572,161.29,-161.29
"335",121573,97.63,-97.63
"336",121574,314.32,-314.32
"337",121575,266.17,-227.82
"338",121576,80.59,-51.99
"339",121577,264.68,-289.59
"340",121578,264.3,-239.39
"341",121579,250.05,-250.63
"342",121580,266.75,-294.77
"343",121581,279.51,-275.82
"344",121582,200,-186.56
"345",121583,200.58,-200.58
"346",121584,262.67,-257.87
"347",121585,280.75,-311.64
"348",121586,248.4,-217.51
"349",121587,268.74,-298.77
"350",121588,250.16,-218.37
"351",121589,263.23,-264.99
"352",121590,244.18,-242.42
"353",121591,264.68,-284.68
"354",121592,258.7,-258.7
"355",121593,166.4,-208.44
"356",121594,229.07,-229.07
"357",121595,229.54,-229.54
"358",121596,260.79,-260.79
"359",121597,260.79,-260.79
"360",121598,270.89,-270.89
"361",121599,318.51,-318.51
"362",121600,270.89,-270.89
"363",121601,243.79,-243.79
"364",121602,257.11,-257.11
"365",121603,257.11,-257.11
"366",121604,281.92,-281.92
"367",121605,257.11,-257.11
"368",121606,199.32,-199.32
"369",121607,251.13,-251.13
"370",121608,295.74,-295.74
"371",121609,304.26,-304.26
"372",121610,138.11,-106.72
"373",121611,119.37,-147.48
"374",121612,145.04,-148.5
"375",121613,81.16,-59.69
"376",121614,81.3,-79.57
"377",121615,69.58,-71.31
"378",121616,73.99,-92.1
"379",121617,80.52,-80.42
"380",121618,89.56,-93.02
"381",121619,95.6,-92.14
"382",121620,87.73,-91.19
"383",121621,97.45,-74.51
"384",121622,24.18,-53.68
"385",121623,78.64,-74.12
"386",121624,123.51,-98.75
"387",121625,55.99,-80.75
"388",121626,117.19,-92.43
"389",121627,99.06,-99.06
"390",121628,99.06,-99.06
"391",121629,77.07,-99.79
"392",121630,34.98,-34.98
"393",121631,109.13,-109.13
"394",121632,63.33,-59.97
"395",121633,96.92,-100.28
"396",121634,85.02,-85.02
"397",121635,163.35,-94.67
"398",121636,210.37,-181.1
"399",121637,194.59,-214.58
"400",121638,194.59,-194.59
"401",121639,158.46,-198.73
"402",121640,193.49,-227.72
"403",121641,225.28,-228.74
"404",121642,208.45,-205.09
"405",121643,163.06,-162.96
"406",121644,160.52,-163.98
"407",121645,206.01,-206.01
"408",121646,307.21,-242.91
"409",121647,402.61,-379.05
"410",121648,402.39,-402.39
"411",121649,438.78,-436.59
"412",121650,307.49,-395.99
"413",121651,393.59,-392.91
"414",121652,303.66,-303.66
"415",121653,194.68,-160.24
"416",121654,306.58,-250.26
"417",121655,262.06,-262.06
"418",121656,194.68,-251
"419",121657,144.61,-179.05
"420",121658,278.52,-278.52
"421",121659,265.97,-265.97
"422",121660,179.03,-179.03
"423",121661,174.88,-148.92
"424",121662,254.88,-221.25
"425",121663,147.05,-205.41
"426",121664,176.54,-181.82
"427",121665,235.6,-234.51
"428",121666,95.12,-98.79
"429",121667,208.69,-180.14
"430",121668,85.08,-113.7
"431",121669,178.86,-150.24
"432",121670,156.78,-177.57
"433",121671,101.62,-101.62
"434",121672,101.62,-109.47
"435",121673,102.83,-94.98
"436",121674,177.83,-185.68
"437",121675,220.4,-212.55
"438",121676,235.18,-225.2
"439",121677,193.56,-194
"440",121678,200.53,-213.96
"441",121679,353.8,-331.72
"442",121680,307.85,-307.24
"443",121681,275.71,-275.71
"444",121682,354.93,-360.28
"445",121683,299.59,-296.06
"446",121684,308.94,-307.12
"447",121685,290.2,-290.2
"448",121686,320.97,-324.27
"449",121687,393.11,-389.81
"450",121688,264.11,-250.42
"451",121689,168.11,-168.33
"452",121690,373.67,-392.49
"453",121691,326.07,-320.72
"454",121692,247.18,-250.48
"455",121693,337.8,-337.8
"456",121694,263.88,-260.58
"457",121695,290.2,-290.2
"458",121696,207.77,-226.57
"459",121697,261.58,-269.43
"460",121698,227.45,-219.6
"461",121699,288.49,-288.49
"462",121700,291.62,-291.52
"463",121701,369.37,-369.37
"464",121702,350.44,-358.39
"465",121703,438.55,-430.7
"466",121704,331.17,-339.02
"467",121705,293.62,-285.77
"468",121706,428.39,-428.39
"469",121707,368.47,-368.47
"470",121708,291.62,-291.62
"471",121709,350.54,-350.54
"472",121710,189.85,-189.85
"473",121711,288.49,-296.34
"474",121712,315.31,-315.31
"475",121713,227.45,-227.45
"476",121714,235.83,-237.35
"477",121715,198.75,-199.01
"478",121716,185.75,-176.12
"479",121717,210.23,-210.13
"480",121718,210.27,-218.22
"481",121719,186.55,-178.7
"482",121720,188.19,-164.09
"483",121722,131.08,-155.08
"484",121723,154.68,-162.63
"485",121724,266.64,-209.01
"486",121725,260.17,-260.24
"487",121726,206.48,-257.32
"488",121727,257.52,-257.52
"489",121728,288.62,-230.39
"490",121729,304.9,-323.03
"491",121730,306.95,-288.82
"492",121731,310.73,-343.36
"493",121732,303.74,-271.11
"494",121733,320.02,-338.15
"495",121734,249.92,-297.4
"496",121735,345.72,-345.72
"497",121736,334.2,-334.2
"498",121737,331.63,-331.63
"499",121738,311.49,-311.49
"500",121739,230.87,-178.74
"501",121742,291.29,-291.29
"502",121743,186.01,-229.63
"503",121744,229.63,-237.48
"504",121745,307.72,-299.87
"505",121746,236.54,-174.38
"506",121747,372.84,-372.66
"507",121748,267.18,-292.52
"508",121749,231.62,-237.41
"509",121750,336.02,-305.16
"510",121751,307.35,-370.55
"511",121752,260.02,-260.02
"512",121753,248.43,-248.43
"513",121754,369.55,-370.23
"514",121755,335.9,-335.9
"515",121756,371.05,-370.37
"516",121757,806.51,-640.24
"517",121758,875.46,-875.46
"518",121759,803.55,-803.55
"519",121760,868.43,-865.92
"520",121761,617.28,-783.81
"521",121762,876.45,-876.45
"522",121763,867.06,-867.06
"523",121764,774.13,-774.13
"524",121766,632.73,-533.58
"525",121767,337.09,-328.28
"526",121768,623.64,-626.89
"527",121769,583.66,-581.72
"528",121770,599.94,-601.88
"529",121771,226.88,-332.61
"530",121772,332.61,-340.56
"531",121773,540.15,-532.2
"532",121774,560.24,-560.34
"533",121775,519.54,-519.44
"534",121776,547.48,-547.58
"535",121777,124.76,-114.8
"536",121778,109.95,-127.76
"537",121779,127.76,-119.81
"538",121780,404.78,-265.53
"539",121781,403.01,-403.01
"540",121782,531.37,-517.09
"541",121783,537.65,-537.52
"542",121784,533.33,-533.33
"543",121785,419.54,-433.89
"544",121786,569.87,-555.52
"545",121787,260.91,-422.67
"546",121788,430.84,-416.51
"547",121789,546.25,-546.25
"548",121790,418.41,-420.73
"549",121791,550.47,-550.47
"550",121792,599.38,-429.3
"551",121793,680.72,-816.58
"552",121794,634.74,-634.74
"553",121795,763.62,-796.82
"554",121796,763.28,-763.28
"555",121797,610.44,-610.44
"556",121798,448.26,-431.59
"557",121799,434.54,-448.37
"558",121800,59.94,-71.28
"559",121801,257.02,-196.08
"560",121802,237.41,-237.41
"561",121803,253.89,-252.5
"562",121804,185.2,-232.41
"563",121805,70.56,-70.56
"564",121806,227.4,-227.4
"565",121807,225.84,-225.84
"566",121808,246.96,-239.54
"567",121809,1158.05,-1187.2
"568",121810,1127.01,-1111.9
"569",121811,313.98,-239.71
"570",121812,216.86,-303.79
"571",121813,297.66,-252.95
"572",121814,240.64,-285.35
"573",121815,449.33,-373.05
"574",121816,420.94,-497.22
"575",121818,689.49,-484.37
"576",121819,481.57,-672.87
"577",121820,833.4,-678.93
"578",121821,671.82,-826.29
"579",121822,514.64,-452.18
"580",121823,480.32,-556.6
"581",121824,43.63,-30.99
"582",121825,39.87,-40.16
"583",121826,39.45,-39.16
"584",121827,39.87,-40.16
"585",121828,45.58,-50.3
"586",121829,50.72,-50.72
"587",121830,48.27,-51.63
"588",121831,51.22,-51.22
"589",121832,63.37,-69.9
"590",121833,59.99,-55.29
"591",121834,187.12,-175.7
"592",121835,125.72,-125.72
"593",121836,99.51,-99.51
"594",121837,98.4,-108.33
"595",121838,102.98,-101.74
"596",121839,76.55,-76.55
"597",121840,98,-99.24
"598",121841,111.55,-85.51
"599",121842,76.65,-101.45
"600",121843,77.76,-85.19
"601",121844,87.75,-87.75
"602",121845,101.21,-93.78
"603",121846,97.2,-94.74
"604",121847,81.89,-81.89
"605",121848,79.45,-82.81
"606",121849,63.92,-60.46
"607",121850,127.23,-130.69
"608",121851,132.41,-132.41
"609",121852,133.13,-129.77
"610",121853,104.67,-108.03
"611",121854,183.35,-183.35
"612",121855,185.79,-182.43
"613",121856,156.85,-160.21
"614",121857,122.74,-119.38
"615",121858,115.68,-119.04
"616",121859,81.25,-77.89
"617",121860,96.24,-96.24
"618",121861,107.11,-107.11
"619",121862,94.76,-98.12
"620",121863,699.48,-710.67
"621",121864,678.62,-678.62
"622",121865,721.75,-709.36
"623",121866,747.53,-747.53
"624",121867,56.13,-49.95
"625",121868,71.47,-69.42
"626",121869,72.68,-73.61
"627",121870,74.25,-82.75
"628",121871,87,-83.64
"629",121872,81.2,-84.56
"630",121873,86.33,-86.33
"631",121874,48.31,-39.92
"632",121876,30.08,-40.41
"633",121877,5.81,-9.12
"634",121878,9.02,-0.409999999999998
"635",121879,8.8,-8.8
"636",121880,8.8,-8.8
"637",121881,8.8,-8.8
"638",121882,8.8,-8.8
"639",121883,8.8,-8.8
"640",121884,39.18,-48.52
"641",121888,31.89,-25.73
"642",121889,23.21,-34.06
"643",121939,215.6,-180.69
"644",121940,88.91,-47.4
"645",121941,91.5,-149.37
"646",121942,78.06,-71.16
"647",121943,14.94,-21.24
"648",121944,153.46,-30.01
"649",121945,29.45,-90.72
"650",121946,134.3,-57.69
"651",121947,55.78,-131.83
"652",121948,271.51,-207.21
"653",121949,256.92,-256.92
"654",121950,252.96,-252.96
"655",121951,191.36,-172.31
"656",121952,241.46,-325.37
"657",121953,178.93,-178.93
"658",121954,331.04,-331.04
"659",121955,213.64,-213.64
"660",121956,139.59,-11.1400000000001
"661",121957,142.59,-148.27
"662",121958,188.38,-182.7
"663",121959,13.6400000000001,-141.19
"664",121960,152.45,-152.45
"665",121961,152.59,-152.59
"666",121962,38.84,-31.76
"667",121963,50.56,-49.88
"668",121964,31.09,-39.22
"669",121965,51.79,-51.29
"670",121966,49.88,-50.78
"671",121967,120.01,-5.14
"672",121968,156.95,-156.95
"673",121969,224.8,-224.8
"674",121970,135.22,-184.07
"675",121971,173.35,-173.35
"676",121972,68.65,-133.77
"677",121973,158.36,-158.36
"678",121974,177.65,-177.65
"679",121975,86.66,-31.69
"680",121976,166.29,-107.29
"681",121977,20.58,-134.75
"682",121978,123.52,-66.81
"683",121979,107.39,-107.39
"684",121980,95.5,-96.25
"685",121981,17.88,-61.18
"686",121982,105.52,-119.25
"687",121983,127.94,-127.57
"688",121984,129.25,-129.06
"689",121985,19,-19.19
"690",121986,226.63,-99.24
"691",121987,245.17,-245.17
"692",121988,211.37,-211.37
"693",121989,63.14,-190.53
"694",121990,157.86,-157.86
"695",121991,185.33,-152.42
"696",121992,172.88,-205.6
"697",121993,81.94,-15.08
"698",121994,193.82,-170.25
"699",121995,90.5,-109.55
"700",121996,18.8399999999999,-89.7599999999999
"701",121997,98.2499999999999,-98.2499999999999
"702",121998,142.92,-142.92
"703",121999,202.29,-112.32
"704",122000,146.49,-139.4
"705",122001,287.68,-258
"706",122002,141.47,-171.15
"707",122003,61.11,-158.12
"708",122004,193,-193
"709",122005,142.87,-142.87
"710",122006,161,-21.94
"711",122007,25.27,-164.33
"712",122008,82.35,-48.11
"713",122009,212.68,-107.86
"714",122010,54.19,-193.25
"715",122011,76.99,-57.68
"716",122012,73.47,-93.48
"717",122013,101.19,-61.31
"718",122014,130,-74.57
"719",122015,111.9,-167.33
"720",122016,130,-74.57
"721",122017,58.97,-153.51
"722",122018,123.58,-123.58
"723",122019,162.9,-162.9
"724",122020,124.07,-40.53
"725",122021,102.44,-111.14
"726",122022,50.29,-125.47
"727",122023,102.14,-102.14
"728",122024,143.05,-85.3700000000001
"729",122025,117.18,-143.21
"730",122026,122.95,-88.64
"731",122027,276.12,-207.13
"732",122028,99.13,-168.12
"733",122029,119.14,-127.42
"734",122030,188.28,-188.28
"735",122031,106.96,-98.68
"736",122032,252.3,-183.31
"737",122033,99.13,-168.12
"738",122034,122.95,-122.95
"739",122035,69.12,-135.11
"740",122036,94.22,-94.19
"741",122037,247.97,-248
"742",122038,154.43,-154.43
"743",122039,109.11,-109.11
"744",122040,264.28,-264.28
"745",122041,137.58,-137.55
"746",122042,124.12,-124.12
"747",122043,112.04,-112.07
"748",122044,136.4,-68.28
"749",122045,59.65,-127.77
"750",122046,158.23,-49.77
"751",122047,182.26,-182.26
"752",122048,169.23,-169.23
"753",122049,38.07,-147.06
"754",122050,137.88,-89.77
"755",122051,218.45,-127.33
"756",122052,209.21,-175.32
"757",122053,86.83,-259.82
"758",122054,241.56,-241.56
"759",122055,194.82,-194.82
"760",122056,185.1,-95.64
"761",122057,92.28,-181.87
"762",122058,159.29,-159.29
"763",122059,673.8,-592.98
"764",122060,585.54,-665.46
"765",122061,241.31,-285.6
"766",122062,241.49,-238.73
"767",122063,207.3,-165.84
"768",122064,201.48,-201.55
"769",122065,39.53,-79.38
"770",122066,243.02,-226.6
"771",122067,170.84,-170.84
"772",122068,161.48,-161.48
"773",122069,219.56,-195.99
"774",122070,157.74,-157.74
"775",122071,143.52,-132.76
"776",122072,81.56,-115.87
"777",122073,43.53,-43.53
"778",122074,90.22,-46.7
"779",122075,80.17,-95.29
"780",122076,51.63,-60.69
"781",122077,73.81,-93.17
"782",122078,40.35,-40.35
"783",122079,87.67,-87.67
"784",122080,104.9,-104.9
"785",122081,55.46,-23.11
"786",122082,18.41,-54.43
"787",122083,274.23,-266.32
"788",122084,202.4,-225.51
"789",122085,260.3,-217.86
"790",122086,302.06,-302.06
"791",122087,67.47,-99.09
"792",122088,91.78,-98.16
"793",122089,52.91,-62.17
"794",122090,73.8,-64.47
"795",122091,9.81,-19.18
"796",122092,57.69,-64.17
"797",122093,65.2,-58.68
"798",122094,47.76,-47.8
"799",122095,111.8,-19.91
"800",122096,25.81,-117.7
"801",122097,135.89,-77.33
"802",122098,123.15,-120.01
"803",122099,122.31,-122.31
"804",122100,101.46,-92.4
"805",122101,131.18,-143.38
"806",122102,78.13,-136.71
"807",122103,139.86,-139.8
"808",122104,97.7,-97.76
"809",122105,102.49,-102.47
"810",122106,125.46,-125.48
"811",122108,334.55,-367.79
"812",122109,348.46,-338.77
"813",122110,338.05,-346.2
"814",122111,343.99,-342.1
"815",122112,345.79,-347.68
"816",122113,353.62,-351.73
"817",122114,58.47,-63.39
"818",122115,63.09,-63.09
"819",122116,42.48,-42.48
"820",122117,159.94,-152.08
"821",122118,144.17,-144.97
"822",122119,187,-187
"823",122120,127.36,-114.26
"824",122121,73.3,-88.88
"825",122122,65.67,-65.67
"826",122123,65.67,-65.67
"827",122124,73.3,-73.3
"828",122125,73.3,-73.3
"829",122126,157.76,-157.76
"830",122127,188.46,-188.46
"831",122128,132.83,-132.83
"832",122129,154.24,-154.24
"833",122130,93.99,-95.33
"834",122131,95.37,-95.37
"835",122132,82.17,-82.17
"836",122133,40.63,-34.36
"837",122134,91.67,-104.31
"838",122135,103.81,-97.73
"839",122136,40.92,-34.36
"840",122137,91.67,-104.31
"841",122138,21.11,-16.13
"842",122139,79.56,-84.54
"843",122140,86.86,-80.49
"844",122141,77.09,-76.59
"845",122142,16.09,-15.25
"846",122143,94.99,-94.99
"847",122144,88.17,-88.17
"848",122145,48.17,-49.01
"849",122146,83.91,-83.91
"850",122148,138.77,-114.3
"851",122149,138.77,-138.77
"852",122150,128.03,-153.88
"853",122151,130.29,-130.29
"854",122152,129.26,-129.26
"855",122153,130.29,-130.29
"856",122154,130.29,-130.29
"857",122155,182.43,-175.76
"858",122156,158.75,-162.74
"859",122157,23.95,-29.48
"860",122158,90.68,-83.77
"861",122159,98.11,-106.34
"862",122160,92.85,-92.85
"863",122161,92.85,-92.86
"864",122162,93.89,-93.88
"865",122163,204.38,-181.94
"866",122164,19.5,-35.1
"867",122165,19.5,-19.5
"868",122166,58.9,-40.48
"869",122168,126.89,-149.07
"870",122169,152.84,-150.37
"871",122170,138.25,-138.25
"872",122171,138.25,-138.25
"873",122172,138.25,-138.25
"874",122173,126.7,-126.7
"875",122174,126.7,-126.7
"876",122175,99.9,-99.9
"877",122176,175.44,-174.6
"878",122177,156.36,-156.36
"879",122178,25.27,-26.11
"880",122179,83.17,-83.17
"881",122180,68.14,-68.14
"882",122181,88.88,-88.88
"883",122182,83.17,-83.17
"884",122183,83.17,-83.17
"885",122184,88.88,-88.88
"886",122185,88.88,-88.88
"887",122186,87.99,-87.15
"888",122187,18.1,-18.94
"889",122188,18.1,-18.1
"890",122189,127.72,-126.88
"891",122190,91.59,-92.43
"892",122191,183.65,-166.62
"893",122192,175.95,-175.95
"894",122193,176.98,-193.17
"895",122194,193.65,-195.2
"896",122195,185.57,-184.02
"897",122196,96.19,-94.76
"898",122197,321.18,-292.44
"899",122198,302.44,-302.46
"900",122199,321.55,-321.55
"901",122200,320.41,-320.41
"902",122201,207.17,-221.93
"903",122202,329.34,-276.55
"904",122203,213.61,-252.31
"905",122204,292.86,-254.16
"906",122205,224.71,-275.25
"907",122206,224.75,-227
"908",122207,170.65,-181.59
"909",122209,169.97,-170.42
"910",122210,153.06,-156.6
"911",122212,153.06,-153.06
"912",122213,302.44,-272.75
"913",122214,302.44,-302.44
"914",122215,150.65,-180.8
"915",122216,303.87,-303.87
"916",122217,303.87,-303.87
"917",122219,295.27,-296.82
"918",122220,277.55,-276
"919",122221,222.47,-224.02
"920",122222,167.76,-166.21
"921",122223,178.7,-178.7
"922",122224,290.87,-292.42
"923",122225,305.42,-303.87
"924",122226,376.64,-377.48
"925",122227,150.51,-149.67
"926",122228,217.53,-217.53
"927",122229,304.71,-304.71
"928",122230,172.22,-172.22
"929",122231,303.87,-303.87
"930",122232,139.4,-139.4
"931",122233,15.18,-12.95
"932",122234,41.72,-41.72
"933",122235,41.72,-41.72
"934",122236,56.76,-65.33
"935",122237,63.14,-63.14
"936",122238,30.39,-26.58
"937",122239,32.39,-29.86
"938",122240,30.99,-30.99
"939",122241,47.73,-47.73
"940",122242,24.61,-27.14
"941",122243,7.56,-7.56
"942",122244,8.48,-8.48
"943",122245,99.4,-63.97
"944",122246,55.47,-90.37
"945",122247,100.93,-66.03
"946",122248,36.41,-73.03
"947",122249,39.39,-40.3
"948",122250,69.92,-67.29
"949",122251,57.28,-55.28
"950",122252,92.88,-92.88
"951",122253,40.82,-40.82
"952",122254,41.36,-41.36
"953",122255,44.05,-44.05
"954",122256,44.56,-44.56
"955",122257,44.11,-44.11
"956",122258,44.56,-44.56
"957",122259,6.15,-6.15
"958",122260,55.67,-42.27
"959",122261,84.15,-74.36
"960",122262,109.53,-109.53
"961",122263,182.02,-186.58
"962",122264,145.47,-100.86
"963",122265,103.15,-147.94
"964",122266,103.15,-103.15
"965",122267,25.71,-35.23
"966",122268,47.47,-56.4
"967",122269,56.4,-56.4
"968",122270,169.46,-169.46
"969",122271,84.16,-84.16
"970",122272,84.26,-84.26
"971",122273,188.2,-188.2
"972",122274,187.09,-187.09
"973",122275,99.86,-99.86
"974",122276,86.64,-86.64
"975",122277,86.64,-86.64
"976",122278,25.81,-25.81
"977",122279,8.44,-8.44
"978",122280,145.2,-145.2
"979",122281,99.86,-99.86
"980",122282,370.27,-293.86
"981",122283,370.27,-370.27
"982",122284,370.27,-370.27
"983",122285,507.17,-507.17
"984",122286,294.07,-294.07
"985",122287,288.12,-364.53
"986",122288,364.53,-364.53
"987",122289,364.53,-364.53
"988",122290,483.68,-483.68
"989",122291,32.63,-26.99
"990",122292,79.5,-75.25
"991",122293,64.88,-63.39
"992",122294,33.19,-33.66
"993",122295,49.61,-49.61
"994",122296,37.11,-36.01
"995",122297,41.56,-42.19
"996",122298,39.11,-50.49
"997",122299,53.76,-53.76
"998",122300,53.76,-53.76
"999",122301,21.32,-9.94
"1000",122302,52.72,-64.1
"1001",122303,127.32,-127.32
"1002",122304,13.04,-2.47
"1003",122305,4.21,-4.21
"1004",122306,14.82,-14.48
"1005",122308,0.799999999999997,-13.61
"1006",122309,13.22,-11.32
"1007",122310,14.66,-14.66
"1008",122311,14.66,-16.56
"1009",122312,15.46,-2.18
"1010",122313,47.71,-30.18
"1011",122314,47.71,-47.71
"1012",122315,47.74,-63.25
"1013",122316,175.08,-175.08
"1014",122317,86.34,-86.34
"1015",122318,178.2,-178.2
"1016",122319,239.24,-239.24
"1017",122320,3.99,-17.39
"1018",122321,95.74,-97.64
"1019",122322,128.28,-128.28
"1020",122323,62.53,-62.53
"1021",122324,62.53,-60.63
"1022",122325,61.49,-63.04
"1023",122326,150.61,-150.96
"1024",122327,184.48,-184.48
"1025",122328,184.48,-182.58
"1026",122329,73.21,-75.11
"1027",122330,110.22,-110.22
"1028",122331,219.59,-219.59
"1029",122332,75.11,-73.21
"1030",122333,70.04,-42.65
"1031",122334,39.21,-68.5
"1032",122335,64.75,-62.85
"1033",122336,62.79,-58.51
"1034",122337,62.79,-62.79
"1035",122338,103.88,-103.88
"1036",122339,63.56,-63.56
"1037",122340,42.48,-31.76
"1038",122341,42.48,-42.48
"1039",122342,117.93,-117.93
"1040",122343,142.7,-142.7
"1041",122344,207.36,-184.77
"1042",122345,302.26,-302.26
"1043",122346,67.22,-89.81
"1044",122347,141.9,-141.9
"1045",122348,75.54,-90.54
"1046",122349,79.72,-79.72
"1047",122350,79.72,-79.72
"1048",122351,82.47,-82.47
"1049",122352,82.67,-82.67
"1050",122353,40.15,-40.15
"1051",122354,40.14,-40.14
"1052",122355,195.55,-195.55
"1053",122356,40.14,-40.14
"1054",122357,195.74,-195.74
"1055",122358,42.89,-42.89
"1056",122359,25.75,-25.75
"1057",122360,52.26,-36.52
"1058",122361,49.23,-41.74
"1059",122362,50.05,-50.05
"1060",122363,51.44,-60.32
"1061",122364,52.26,-50.87
"1062",122365,29.2,-46.84
"1063",122366,46.84,-44.94
"1064",122367,49.81,-51.71
"1065",122368,51.71,-49.81
"1066",122369,57.88,-59.78
"1067",122370,59.78,-57.88
"1068",122371,6.21,-6.21
"1069",122372,73.89,-73.89
"1070",122373,73.89,-73.89
"1071",122374,53.01,-53.01
"1072",122375,6.55,-5.39
"1073",122376,10.09,-12.09
"1074",122377,13.04,-14.1
"1075",122378,13.99,-12.09
"1076",122379,12.2,-12.2
"1077",122380,12.2,-12.2
"1078",122381,261.2,-262.71
"1079",122382,489.03,-358.26
"1080",122383,374.1,-465.25
"1081",122384,369.06,-369.06
"1082",122385,380.01,-380.01
"1083",122386,380.01,-380.01
"1084",122387,482.45,-391.3
"1085",122388,382.51,-449.9
"1086",122389,387.55,-387.55
"1087",122390,278.09,-340.8
"1088",122391,378.66,-378.66
"1089",122392,373.7,-374.76
"1090",122393,374.65,-372.75
"1091",122394,371.91,-372.75
"1092",122395,378.74,-377.9
"1093",122396,372.86,-372.86
"1094",122397,383.81,-385.71
"1095",122398,384.76,-383.7
"1096",122399,484.16,-485.22
"1097",122400,380.67,-378.77
"1098",122401,377.9,-379.8
"1099",122402,379.69,-377.79
"1100",122403,378.77,-378.77
"1101",122404,383.81,-383.81
"1102",122405,106.17,-108.1
"1103",122406,130.43,-130.5
"1104",122407,123.55,-123.55
"1105",122409,157.5,-157.43
"1106",122410,157.43,-157.43
"1107",122411,180.54,-179.71
"1108",122412,110,-109.74
"1109",122413,124.18,-124.18
"1110",122414,125.13,-124.29
"1111",122415,110.95,-110.95
"1112",122417,110.95,-110.95
"1113",122419,176.21,-177.05
"1114",122420,161.89,-161.89
"1115",122421,161.89,-161.89
"1116",122422,162.73,-161.89
"1117",122423,113.55,-74.77
"1118",122424,113.51,-113.51
"1119",122425,106.48,-151.13
"1120",122426,136.9,-136.9
"1121",122427,43.3,-42.33
"1122",122430,88.15,-44.61
"1123",122431,144.28,-144.28
"1124",122432,118.4,-118.4
"1125",122433,78.32,-78.18
"1126",122434,78.18,-78.32
"1127",122435,35.03,-76.97
"1128",122436,114.47,-111.17
"1129",122437,111.57,-111.57
"1130",122438,111.17,-111.17
"1131",122439,34.86,-34.86
"1132",122440,73.69,-73.69
"1133",122441,109.41,-109.41
"1134",122442,110.08,-110.08
"1135",122443,75.89,-78.14
"1136",122444,134.08,-131.83
"1137",122445,39.38,-39.38
"1138",122446,120.56,-120.56
"1139",122447,119.82,-120.56
"1140",122448,7.19,-6.45
"1141",122449,83.08,-83.08
"1142",122450,12.27,-12.27
"1143",122451,73.69,-73.69
"1144",122452,73.69,-73.69
"1145",122453,5.57,-7.82
"1146",122454,34.86,-32.61
"1147",122455,10.85,-15.52
"1148",122456,57.72,-43.2
"1149",122457,56.65,-56.88
"1150",122458,104.06,-75.04
"1151",122459,12.4,-51.95
"1152",122460,13.36,-13.29
"1153",122461,14.78,-14.78
"1154",122462,48.93,-48.93
"1155",122463,113.86,-113.86
"1156",122464,24.65,-29.6
"1157",122465,29.45,-29.45
"1158",122466,97.37,-97.45
"1159",122467,149.26,-145.32
"1160",122468,143.73,-143.73
"1161",122469,122.32,-118.91
"1162",122470,24.46,-27.99
"1163",122471,14.16,-17.1
"1164",122472,17.1,-17.1
"1165",122473,33.59,-34.5
"1166",122474,34.68,-34.68
"1167",122475,31.1,-26.11
"1168",122476,30.18,-30.82
"1169",122477,30.82,-30.18
"1170",122478,48.27,-48.27
"1171",122479,51.21,-51.21
"1172",122480,47.31,-47.31
"1173",122481,121.96,-121.96
"1174",122482,126.81,-126.81
"1175",122483,125.69,-125.69
"1176",122484,35.99,-35.99
"1177",122485,35.99,-35.99
"1178",122486,12.05,-8.83
"1179",122487,8.08,-14.61
"1180",122488,15.21,-11.9
"1181",122489,6.65,-6.65
"1182",122490,12.88,-12.88
"1183",122491,7.56,-6.65
"1184",122492,6.72,-7.56
"1185",122493,6.65,-6.72
"1186",122494,6.65,-6.65
"1187",122495,7.56,-6.65
"1188",122496,11.94,-17.79
"1189",122497,16.76,-16.76
"1190",122498,24.15,-18.32
"1191",122499,18.26,-18.26
"1192",122500,21.24,-21.24
"1193",122501,16.51,-20.15
"1194",122502,18.84,-22.26
"1195",122503,24.59,-24.59
"1196",122504,26,-26
"1197",122505,25.24,-25.24
"1198",122506,27.57,-27.57
"1199",122507,27.57,-27.57
"1200",122508,23.91,-17.67
"1201",122509,19.37,-19.37
"1202",122510,20.49,-20.49
"1203",122511,22.39,-22.39
"1204",122512,25.37,-25.37
"1205",122513,25.91,-25.91
"1206",122514,31.98,-31.14
"1207",122515,28.89,-29.73
"1208",122516,11.49,-15.93
"1209",122517,23.87,-19.43
"1210",122518,29.31,-29.31
"1211",122519,14.85,-14.85
"1212",122520,34.12,-34.12
"1213",122521,10.31,-5.63
"1214",122522,14.85,-14.85
"1215",122523,16.38,-16.38
"1216",122524,13.12,-9.77
"1217",122525,13.12,-13.12
"1218",122526,21.83,-34.31
"1219",122527,40.45,-39.38
"1220",122528,31.48,-31.48
"1221",122529,25.2,-22.23
"1222",122530,22.61,-23.57
"1223",122532,7.37,-7.57
"1224",122533,2.41,-2.41
"1225",122534,4.44,-5.73
"1226",122535,239.28,-239.11
"1227",122536,228.45,-228.45
"1228",122537,224.41,-223.71
"1229",122538,230.41,-228.83
"1230",122539,220.81,-220.81
"1231",122541,68.39,-54.78
"1232",122542,68.17,-68.39
"1233",122543,50.89,-64.28
"1234",122544,59.8,-57.23
"1235",122545,53.71,-58.73
"1236",122546,63.58,-60.83
"1237",122547,67.58,-47.58
"1238",122548,46.68,-48.62
"1239",122549,46.98,-45.63
"1240",122550,28.67,-48.08
"1241",122551,49.09,-51.84
"1242",122552,70.58,-67.83
"1243",122553,69.1,-71.85
"1244",122554,55.55,-52.61
"1245",122555,119.2,-106.08
"1246",122556,109.66,-109.66
"1247",122557,69.2,-82.32
"1248",122558,58.05,-58.05
"1249",122559,18.89,-19.08
"1250",122560,79.1,-79.1
"1251",122561,67.95,-67.95
"1252",122562,18.18,-22.27
"1253",122563,15.37,-15.37
"1254",122564,25.37,-26.12
"1255",122565,62.04,-54.04
"1256",122566,18.35,-25.04
"1257",122567,16.65,-16.65
"1258",122568,21.84,-18.31
"1259",122569,38.62,-38.62
"1260",122570,16.56,-16.56
"1261",122571,44.38,-41.22
"1262",122572,36.81,-36.81
"1263",122573,15.88,-19.27
"1264",122574,17.01,-21.7
"1265",122575,13.12,-8.21
"1266",122576,29.64,-29.64
"1267",122577,28.02,-31.61
"1268",122578,96.31,-86.8
"1269",122579,35.8,-45.31
"1270",122580,69.6,-66.15
"1271",122581,9.17,-11.77
"1272",122582,45.9,-43.38
"1273",122583,195.59,-102.04
"1274",122584,156.26,-160.86
"1275",122585,171.1,-166.5
"1276",122586,94.54,-143.45
"1277",122587,135.31,-182.47
"1278",122588,143.46,-143.46
"1279",122589,158.13,-158.13
"1280",122590,79.85,-79.85
"1281",122591,148.59,-146.07
"1282",122592,160.74,-160.74
"1283",122593,82.46,-82.46
"1284",122594,103.52,-37.31
"1285",122595,94.38,-136.09
"1286",122596,50.42,-51.19
"1287",122597,86.05,-109.7
"1288",122598,64.48,-64.48
"1289",122599,59.77,-62.37
"1290",122600,88.16,-66.79
"1291",122601,79.45,-79.45
"1292",122602,31.25,-52.62
"1293",122603,57.99,-55.39
"1294",122604,50.2,-52.67
"1295",122605,48.84,-48.84
"1296",122606,56.04,-56.04
"1297",122607,54.03,-51.56
"1298",122608,46.19,-48.79
"1299",122609,24.82,-11.47
"1300",122610,13.35,-24.1
"1301",122611,70.01,-32.33
"1302",122612,215.46,-122.39
"1303",122613,242.63,-242.63
"1304",122614,29.48,-160.23
"1305",122615,211.84,-211.84
"1306",122616,238.43,-238.43
"1307",122617,176.63,-172.99
"1308",122618,163.87,-163.87
"1309",122619,158.98,-165.09
"1310",122620,152.52,-152.52
"1311",122621,170.72,-168.4
"1312",122622,155.83,-155.83
"1313",122623,154.41,-156.86
"1314",122624,47.5,-17.64
"1315",122625,14.43,-44.16
"1316",122626,106,-92.71
"1317",122627,42.79,-56.21
"1318",122628,101.95,-101.95
"1319",122629,107.76,-105.31
"1320",122630,54.64,-54.64
"1321",122631,137.9,-115.96
"1322",122632,120.54,-142.48
"1323",122633,23.53,-21.52
"1324",122634,12.84,-12.84
"1325",122635,16.36,-17.87
"1326",122636,22.93,-23.14
"1327",122637,19.62,-19.41
"1328",122638,352.77,-299.04
"1329",122639,368.73,-368.73
"1330",122640,363.34,-363.34
"1331",122641,278.09,-334.77
"1332",122642,349.81,-349.81
"1333",122643,356.66,-356.66
"1334",123919,260.27,-207.57
"1335",123937,189.89,-231.43
"1336",123938,222.81,-222.81
"1337",123954,202.85,-163.74
"1338",123955,89.99,-117.33
"1339",123956,276.81,-251.54
"1340",123957,123.99,-161.03
"1341",123973,201.73,-201.73
"1342",123974,275.12,-273.31
"1343",123975,228.22,-230.03
"1344",123976,185.28,-185.28
"1345",123977,176.08,-179.09
"1346",123978,172.67,-177.12
"1347",123979,87.49,-78.22
"1348",123984,45.08,-50.26
"1349",123986,41.84,-46.66
"1350",123987,40.46,-28.55
"1351",123988,170.65,-177.38
"1352",123989,22.94,-29.29
"1353",123990,398.85,-311.18
"1354",123991,294.7,-294.7
"1355",123992,360.14,-360.14
"1356",123993,265.61,-313.9
"1357",123994,314.45,-314.45
"1358",123997,220.24,-255.05
"1359",123998,215.32,-184.73
"1360",123999,309.25,-309.25
"1361",124001,261.34,-285.33
"1362",124002,182.65,-182.65
"1363",124003,186.99,-190.17
"1364",124004,269,-265.82
"1365",124005,62.08,-43.31
"1366",124006,48.72,-68.62
"1367",124007,68.52,-70.12
"1368",124008,267.6,-187.32
"1369",124009,280.98,-280.98
"1370",124010,278.02,-278.02
"1371",124440,156.67,-235.35
"1372",124872,4.28,-13.19
"1373",124873,11.17,-11.46
"1374",125305,398.3,-343.18
"1375",125306,352.32,-328.91
